year,month,day,date_decimal,snvalue,snerror,nb_observations,
2020,1,1,2020.001,6,0.3,18,
2020,1,2,2020.004,12,0.7,25,
2020,1,3,2020.007,13,1.2,19,
2020,1,4,2020.01,12,0.7,34,
2020,1,5,2020.012,14,1.3,27,
2020,1,6,2020.015,7,0.5,24,
2020,1,7,2020.018,4,1.5,8,
2020,1,8,2020.02,4,0.8,10,
2020,1,9,2020.023,15,1.3,27,
2020,1,10,2020.026,4,1.6,10,
2020,1,11,2020.029,0,0,31,
2020,1,12,2020.031,0,0,34,
2020,1,13,2020.034,0,0,31,
2020,1,14,2020.037,0,0,26,
2020,1,15,2020.04,0,0,35,
2020,1,16,2020.042,0,0,36,
2020,1,17,2020.045,0,0,28,
2020,1,18,2020.048,0,0,36,
2020,1,19,2020.051,0,0,40,
2020,1,20,2020.053,0,0,25,
2020,1,21,2020.056,0,0,34,
2020,1,22,2020.059,0,0,24,
2020,1,23,2020.061,0,0,25,
2020,1,24,2020.064,8,0.5,21,
2020,1,25,2020.067,12,0.7,13,
2020,1,26,2020.07,19,1.5,30,
2020,1,27,2020.072,14,0.9,17,
2020,1,28,2020.075,12,0.8,18,
2020,1,29,2020.078,12,0.9,37,
2020,1,30,2020.081,12,0.6,22,
2020,1,31,2020.083,12,0.7,30,
2020,2,1,2020.086,6,0.4,20,
2020,2,2,2020.089,0,0,27,
2020,2,3,2020.092,0,0,36,
2020,2,4,2020.094,0,0,29,
2020,2,5,2020.097,0,0,39,
2020,2,6,2020.1,0,0,38,
2020,2,7,2020.102,0,0,41,
2020,2,8,2020.105,0,0,30,
2020,2,9,2020.108,0,0,31,
2020,2,10,2020.111,0,0,34,
2020,2,11,2020.113,0,0,39,
2020,2,12,2020.116,0,0,39,
2020,2,13,2020.119,0,0,38,
2020,2,14,2020.122,0,0,35,
2020,2,15,2020.124,0,0,36,
2020,2,16,2020.127,0,0,27,
2020,2,17,2020.13,0,0,38,
2020,2,18,2020.133,0,0,36,
2020,2,19,2020.135,0,0,38,
2020,2,20,2020.138,0,0,31,
2020,2,21,2020.141,0,0,38,
2020,2,22,2020.143,0,0,28,
2020,2,23,2020.146,0,0,26,
2020,2,24,2020.149,0,0,32,
2020,2,25,2020.152,0,0,28,
2020,2,26,2020.154,0,0,34,
2020,2,27,2020.157,0,0,32,
2020,2,28,2020.16,0,0,37,
2020,2,29,2020.163,0,0,30,
2020,3,1,2020.165,0,0,42,
2020,3,2,2020.168,0,0,24,
2020,3,3,2020.171,0,0,38,
2020,3,4,2020.173,0,0,29,
2020,3,5,2020.176,0,0,21,
2020,3,6,2020.179,0,0,32,
2020,3,7,2020.182,2,0,37,
2020,3,8,2020.184,16,1.2,4,
2020,3,9,2020.187,11,0,5,
2020,3,10,2020.19,0,0,16,
2020,3,11,2020.193,0,0,38,
2020,3,12,2020.195,0,0,41,
2020,3,13,2020.198,0,0,37,
2020,3,14,2020.201,0,0,40,
2020,3,15,2020.204,0,0,38,
2020,3,16,2020.206,0,0,49,
2020,3,17,2020.209,0,0,44,
2020,3,18,2020.212,3,0.3,9,
2020,3,19,2020.214,0,0,40,
2020,3,20,2020.217,0,0,25,
2020,3,21,2020.22,0,0,44,
2020,3,22,2020.223,0,0,40,
2020,3,23,2020.225,0,0,44,
2020,3,24,2020.228,0,0,49,
2020,3,25,2020.231,0,0,49,
2020,3,26,2020.234,0,0,43,
2020,3,27,2020.236,0,0,49,
2020,3,28,2020.239,0,0,44,
2020,3,29,2020.242,0,0,40,
2020,3,30,2020.245,3,0.1,10,
2020,3,31,2020.247,11,0.7,34,
2020,4,1,2020.25,13,0.9,38,
2020,4,2,2020.253,13,0.8,32,
2020,4,3,2020.255,13,0.8,33,
2020,4,4,2020.258,13,1.1,24,
2020,4,5,2020.261,0,0,47,
2020,4,6,2020.264,0,0,53,
2020,4,7,2020.266,0,0,50,
2020,4,8,2020.269,0,0,53,
2020,4,9,2020.272,0,0,54,
2020,4,10,2020.275,0,0,51,
2020,4,11,2020.277,0,0,53,
2020,4,12,2020.28,0,0,44,
2020,4,13,2020.283,0,0,43,
2020,4,14,2020.286,0,0,49,
2020,4,15,2020.288,0,0,51,
2020,4,16,2020.291,0,0,48,
2020,4,17,2020.294,0,0,46,
2020,4,18,2020.296,0,0,41,
2020,4,19,2020.299,0,0,42,
2020,4,20,2020.302,0,0,44,
2020,4,21,2020.305,0,0,45,
2020,4,22,2020.307,0,0,51,
2020,4,23,2020.31,0,0,49,
2020,4,24,2020.313,0,0,49,
2020,4,25,2020.316,6,0.4,22,
2020,4,26,2020.318,13,0.9,28,
2020,4,27,2020.321,26,1.8,26,
2020,4,28,2020.324,15,2.8,22,
2020,4,29,2020.327,24,0.9,21,
2020,4,30,2020.329,20,1.7,25,
2020,5,1,2020.332,4,0.9,15,
2020,5,2,2020.335,0,0,47,
2020,5,3,2020.337,0,0,41,
2020,5,4,2020.34,0,0,44,
2020,5,5,2020.343,0,0,48,
2020,5,6,2020.346,0,0,49,
2020,5,7,2020.348,0,0,55,
2020,5,8,2020.351,0,0,47,
2020,5,9,2020.354,0,0,46,
2020,5,10,2020.357,0,0,33,
2020,5,11,2020.359,0,0,41,
2020,5,12,2020.362,0,0,44,
2020,5,13,2020.365,0,0,40,
2020,5,14,2020.367,0,0,44,
2020,5,15,2020.37,0,0,40,
2020,5,16,2020.373,0,0,38,
2020,5,17,2020.376,0,0,48,
2020,5,18,2020.378,0,0,50,
2020,5,19,2020.381,0,0,49,
2020,5,20,2020.384,0,0,51,
2020,5,21,2020.387,0,0,51,
2020,5,22,2020.389,0,0,40,
2020,5,23,2020.392,0,0,37,
2020,5,24,2020.395,0,0,42,
2020,5,25,2020.398,0,0,43,
2020,5,26,2020.4,0,0,50,
2020,5,27,2020.403,0,0,50,
2020,5,28,2020.406,0,0,49,
2020,5,29,2020.408,0,0,56,
2020,5,30,2020.411,0,0,44,
2020,5,31,2020.414,2,0,31,
2020,6,1,2020.417,6,0.4,28,
2020,6,2,2020.419,0,0,56,
2020,6,3,2020.422,9,0.7,37,
2020,6,4,2020.425,11,0.8,37,
2020,6,5,2020.428,13,0.7,33,
2020,6,6,2020.43,16,1,35,
2020,6,7,2020.433,16,1.5,41,
2020,6,8,2020.436,16,1.5,34,
2020,6,9,2020.439,14,1.1,30,
2020,6,10,2020.441,12,1.1,32,
2020,6,11,2020.444,11,0.8,39,
2020,6,12,2020.447,11,0.9,48,
2020,6,13,2020.449,11,0.5,34,
2020,6,14,2020.452,11,0.4,31,
2020,6,15,2020.455,8,0.6,35,
2020,6,16,2020.458,0,0,44,
2020,6,17,2020.46,0,0,44,
2020,6,18,2020.463,0,0,45,
2020,6,19,2020.466,0,0,42,
2020,6,20,2020.469,0,0,50,
2020,6,21,2020.471,0,0,47,
2020,6,22,2020.474,0,0,53,
2020,6,23,2020.477,0,0,55,
2020,6,24,2020.48,0,0,52,
2020,6,25,2020.482,0,0,48,
2020,6,26,2020.485,6,0.4,24,
2020,6,27,2020.488,4,0.8,13,
2020,6,28,2020.49,0,0,36,
2020,6,29,2020.493,0,0,50,
2020,6,30,2020.496,0,0,43,
2020,7,1,2020.499,4,5.6,54,
2020,7,2,2020.501,2,4.6,58,
2020,7,3,2020.504,0,2.3,46,
2020,7,4,2020.507,7,6,32,
2020,7,5,2020.51,5,5.5,47,
2020,7,6,2020.512,5,5.5,56,
2020,7,7,2020.515,8,10.4,38,
2020,7,8,2020.518,0,0,34,
2020,7,9,2020.52,0,0,38,
2020,7,10,2020.523,0,0,41,
2020,7,11,2020.526,0,1.6,48,
2020,7,12,2020.529,0,0,59,
2020,7,13,2020.531,0,0,53,
2020,7,14,2020.534,0,0,40,
2020,7,15,2020.537,2,4.6,41,
2020,7,16,2020.54,0,4,39,
2020,7,17,2020.542,0,2.6,43,
2020,7,18,2020.545,0,1.5,47,
2020,7,19,2020.548,0,1.5,53,
2020,7,20,2020.551,0,1.4,60,
2020,7,21,2020.553,6,5.5,58,
2020,7,22,2020.556,11,2.1,63,
2020,7,23,2020.559,11,2,59,
2020,7,24,2020.561,11,2.2,53,
2020,7,25,2020.564,11,1.7,47,
2020,7,26,2020.567,11,1.8,49,
2020,7,27,2020.57,11,1.5,58,
2020,7,28,2020.572,20,5.1,52,
2020,7,29,2020.575,21,4,64,
2020,7,30,2020.578,21,3.9,58,
2020,7,31,2020.581,21,4.6,60,
2020,8,1,2020.583,26,10.5,23,
2020,8,2,2020.586,15,9.2,38,
2020,8,3,2020.589,11,11.6,45,
2020,8,4,2020.592,11,2.9,57,
2020,8,5,2020.594,12,1.9,63,
2020,8,6,2020.597,14,1.2,69,
2020,8,7,2020.6,17,5.2,59,
2020,8,8,2020.602,12,0.9,59,
2020,8,9,2020.605,13,1.3,60,
2020,8,10,2020.608,13,1,56,
2020,8,11,2020.611,12,2.4,58,
2020,8,12,2020.613,17,7.3,54,
2020,8,13,2020.616,10,7.1,53,
2020,8,14,2020.619,5,6,49,
2020,8,15,2020.622,0,3,49,
2020,8,16,2020.624,0,2.2,52,
2020,8,17,2020.627,0,1.7,50,
2020,8,18,2020.63,13,4.8,52,
2020,8,19,2020.633,16,3.3,53,
2020,8,20,2020.635,12,3.8,56,
2020,8,21,2020.638,3,4.9,52,
2020,8,22,2020.641,0,0,56,
2020,8,23,2020.643,0,0,51,
2020,8,24,2020.646,0,0,58,
2020,8,25,2020.649,0,0,48,
2020,8,26,2020.652,0,0,44,
2020,8,27,2020.654,0,0,49,
2020,8,28,2020.657,0,0,45,
2020,8,29,2020.66,0,0,41,
2020,8,30,2020.663,0,0,42,
2020,8,31,2020.665,0,0,46,
2020,9,1,2020.668,0,0,41,
2020,9,2,2020.671,0,0,49,
2020,9,3,2020.673,0,0,40,
2020,9,4,2020.676,0,1.5,49,
2020,9,5,2020.679,0,0,50,
2020,9,6,2020.682,0,0,44,
2020,9,7,2020.684,0,0,38,
2020,9,8,2020.687,0,0,40,
2020,9,9,2020.69,0,0,41,
2020,9,10,2020.693,0,0,45,
2020,9,11,2020.695,0,0,49,
2020,9,12,2020.698,0,0,43,
2020,9,13,2020.701,0,1.8,41,
2020,9,14,2020.704,2,4.1,51,
2020,9,15,2020.706,0,0,44,
2020,9,16,2020.709,0,0,40,
2020,9,17,2020.712,0,0,39,
2020,9,18,2020.714,0,1.5,46,
2020,9,19,2020.717,0,0,47,
2020,9,20,2020.72,0,0,39,
2020,9,21,2020.723,0,0,47,
2020,9,22,2020.725,0,2.7,42,
2020,9,23,2020.728,7,4.8,39,
2020,9,24,2020.731,5,7.6,42,
2020,9,25,2020.734,4,5.2,32,
2020,9,26,2020.736,0,0,32,
2020,9,27,2020.739,0,1.7,32,
2020,9,28,2020.742,0,0,29,
2020,9,29,2020.745,0,0,38,
2020,9,30,2020.747,0,0,35,
2020,10,1,2020.75,0,0,47,
2020,10,2,2020.753,0,0,31,
2020,10,3,2020.755,0,0,35,
2020,10,4,2020.758,0,2.7,41,
2020,10,5,2020.761,0,0,39,
2020,10,6,2020.764,0,0,43,
2020,10,7,2020.766,0,1.6,38,
2020,10,8,2020.769,6,7.4,35,
2020,10,9,2020.772,20,8.3,45,
2020,10,10,2020.775,18,6.7,42,
2020,10,11,2020.777,20,8.6,44,
2020,10,12,2020.78,14,8.4,44,
2020,10,13,2020.783,0,0,36,
2020,10,14,2020.786,4,5.3,37,
2020,10,15,2020.788,13,3.8,37,
2020,10,16,2020.791,13,2.6,40,
2020,10,17,2020.794,14,4.3,40,
2020,10,18,2020.796,21,9.5,22,
2020,10,19,2020.799,17,4.8,46,
2020,10,20,2020.802,14,3.2,33,
2020,10,21,2020.805,14,4.4,41,
2020,10,22,2020.807,12,2.3,46,
2020,10,23,2020.81,17,5.7,41,
2020,10,24,2020.813,18,4.7,39,
2020,10,25,2020.816,19,8.7,33,
2020,10,26,2020.818,22,7.2,49,
2020,10,27,2020.821,41,10,31,
2020,10,28,2020.824,35,26,44,
2020,10,29,2020.827,42,8.6,34,
2020,10,30,2020.829,34,6.8,36,
2020,10,31,2020.832,26,6.8,46,
2020,11,1,2020.835,5,8.7,33,
2020,11,2,2020.837,9,6.5,42,
2020,11,3,2020.84,16,4,40,
2020,11,4,2020.843,26,7.5,46,
2020,11,5,2020.846,31,8.3,47,
2020,11,6,2020.848,41,6.5,50,
2020,11,7,2020.851,38,8.2,47,
2020,11,8,2020.854,44,7.7,38,
2020,11,9,2020.857,29,3.4,43,
2020,11,10,2020.859,29,6.4,44,
2020,11,11,2020.862,29,6.6,33,
2020,11,12,2020.865,32,6,42,
2020,11,13,2020.867,26,4.3,39,
2020,11,14,2020.87,20,6.3,40,
2020,11,15,2020.873,5,8,33,
2020,11,16,2020.876,0,0,34,
2020,11,17,2020.878,10,4.9,40,
2020,11,18,2020.881,13,3.1,58,
2020,11,19,2020.884,13,4.3,41,
2020,11,20,2020.887,13,2.8,52,
2020,11,21,2020.889,26,6,47,
2020,11,22,2020.892,34,7.6,38,
2020,11,23,2020.895,48,9.6,42,
2020,11,24,2020.898,44,5.4,44,
2020,11,25,2020.9,53,9.2,38,
2020,11,26,2020.903,58,11,38,
2020,11,27,2020.906,75,15.3,39,
2020,11,28,2020.908,86,16.7,43,
2020,11,29,2020.911,96,14,34,
2020,11,30,2020.914,87,12.4,33,
2020,12,1,2020.917,56,14,34,
2020,12,2,2020.919,48,9.4,29,
2020,12,3,2020.922,45,4.5,27,
2020,12,4,2020.925,41,6.4,34,
2020,12,5,2020.928,37,9,44,
2020,12,6,2020.93,25,8.6,32,
2020,12,7,2020.933,21,5.8,32,
2020,12,8,2020.936,14,4.1,37,
2020,12,9,2020.939,14,3.9,29,
2020,12,10,2020.941,12,2,33,
2020,12,11,2020.944,12,1.5,22,
2020,12,12,2020.947,11,6.6,26,
2020,12,13,2020.949,11,4.2,34,
2020,12,14,2020.952,13,6.6,32,
2020,12,15,2020.955,20,8.2,31,
2020,12,16,2020.958,14,4.3,31,
2020,12,17,2020.96,13,1.1,37,
2020,12,18,2020.963,7,6.8,34,
2020,12,19,2020.966,0,0,26,
2020,12,20,2020.969,0,0,32,
2020,12,21,2020.971,12,1.1,18,
2020,12,22,2020.974,12,1.5,33,
2020,12,23,2020.977,24,6.5,21,
2020,12,24,2020.98,28,3.7,32,
2020,12,25,2020.982,31,5.9,45,
2020,12,26,2020.985,35,5.7,37,
2020,12,27,2020.988,33,5.3,35,
2020,12,28,2020.99,30,5.8,30,
2020,12,29,2020.993,32,4.9,40,
2020,12,30,2020.996,32,4.6,40,
2020,12,31,2020.999,34,6.3,31,
2021,1,1,2021.001,24,6.8,34,
2021,1,2,2021.004,17,8.3,29,
2021,1,3,2021.007,0,0,25,
2021,1,4,2021.01,0,2.6,24,
2021,1,5,2021.012,0,2.5,25,
2021,1,6,2021.015,0,0,27,
2021,1,7,2021.018,0,0,30,
2021,1,8,2021.021,0,0,34,
2021,1,9,2021.023,0,0,38,
2021,1,10,2021.026,0,0,34,
2021,1,11,2021.029,0,1.9,31,
2021,1,12,2021.032,0,0,35,
2021,1,13,2021.034,0,0,42,
2021,1,14,2021.037,3,5,38,
2021,1,15,2021.04,14,9.2,31,
2021,1,16,2021.042,12,5.1,35,
2021,1,17,2021.045,14,7.6,34,
2021,1,18,2021.048,12,4.1,39,
2021,1,19,2021.051,20,7.3,33,
2021,1,20,2021.053,21,11.2,36,
2021,1,21,2021.056,25,13.8,42,
2021,1,22,2021.059,35,8.8,48,
2021,1,23,2021.062,32,4,27,
2021,1,24,2021.064,23,4.3,36,
2021,1,25,2021.067,27,3.6,47,
2021,1,26,2021.07,17,5.1,34,
2021,1,27,2021.073,20,8.2,24,
2021,1,28,2021.075,7,9,32,
2021,1,29,2021.078,0,0,32,
2021,1,30,2021.081,0,0,25,
2021,1,31,2021.084,0,0,35,
2021,2,1,2021.086,0,3,34,
2021,2,2,2021.089,9,6.7,34,
2021,2,3,2021.092,7,6.8,31,
2021,2,4,2021.095,0,1.6,39,
2021,2,5,2021.097,0,0,38,
2021,2,6,2021.1,0,2.4,27,
2021,2,7,2021.103,0,0,22,
2021,2,8,2021.105,2,4.8,29,
2021,2,9,2021.108,2,4.6,36,
2021,2,10,2021.111,0,1.5,42,
2021,2,11,2021.114,0,0,47,
2021,2,12,2021.116,0,1.5,47,
2021,2,13,2021.119,0,4.8,45,
2021,2,14,2021.122,0,0,45,
2021,2,15,2021.125,0,0,26,
2021,2,16,2021.127,0,0,38,
2021,2,17,2021.13,0,2.4,36,
2021,2,18,2021.133,10,5.7,38,
2021,2,19,2021.136,9,6.7,42,
2021,2,20,2021.138,9,5.9,43,
2021,2,21,2021.141,10,5.2,42,
2021,2,22,2021.144,16,8.5,37,
2021,2,23,2021.147,36,3.4,47,
2021,2,24,2021.149,38,6.7,52,
2021,2,25,2021.152,34,5.5,52,
2021,2,26,2021.155,18,2.7,55,
2021,2,27,2021.158,17,1.5,51,
2021,2,28,2021.16,13,3.7,47,
2021,3,1,2021.163,10,3.9,48,
2021,3,2,2021.166,16,8.4,38,
2021,3,3,2021.168,35,6.5,45,
2021,3,4,2021.171,30,8.4,37,
2021,3,5,2021.174,13,8.2,38,
2021,3,6,2021.177,7,7.3,49,
2021,3,7,2021.179,21,8.3,33,
2021,3,8,2021.182,14,5.3,45,
2021,3,9,2021.185,15,9.6,39,
2021,3,10,2021.188,17,5.6,38,
2021,3,11,2021.19,22,4,35,
2021,3,12,2021.193,14,3.7,42,
2021,3,13,2021.196,11,3.2,45,
2021,3,14,2021.199,23,8.8,41,
2021,3,15,2021.201,24,15.3,44,
2021,3,16,2021.204,19,7.4,38,
2021,3,17,2021.207,13,3.2,40,
2021,3,18,2021.21,13,1.8,38,
2021,3,19,2021.212,13,3.9,54,
2021,3,20,2021.215,11,3.7,51,
2021,3,21,2021.218,8,6.3,32,
2021,3,22,2021.221,22,7.4,46,
2021,3,23,2021.223,27,3.9,39,
2021,3,24,2021.226,30,3.6,48,
2021,3,25,2021.229,27,3.6,46,
2021,3,26,2021.232,25,2.7,51,
2021,3,27,2021.234,19,6,25,
2021,3,28,2021.237,12,1.3,43,
2021,3,29,2021.24,12,2.9,55,
2021,3,30,2021.242,9,6,52,
2021,3,31,2021.245,0,1.6,47,
2021,4,1,2021.248,0,0,52,
2021,4,2,2021.251,0,0,49,
2021,4,3,2021.253,4,6.1,42,
2021,4,4,2021.256,12,4,46,
2021,4,5,2021.259,11,5.4,43,
2021,4,6,2021.262,6,7.2,55,
2021,4,7,2021.264,0,4.9,45,
2021,4,8,2021.267,0,2.1,44,
2021,4,9,2021.27,0,0,49,
2021,4,10,2021.273,0,1.9,31,
2021,4,11,2021.275,10,6.6,42,
2021,4,12,2021.278,14,5.9,48,
2021,4,13,2021.281,19,4.7,51,
2021,4,14,2021.284,21,2.6,50,
2021,4,15,2021.286,25,7.6,46,
2021,4,16,2021.289,35,14.2,47,
2021,4,17,2021.292,15,7,41,
2021,4,18,2021.295,18,4.4,48,
2021,4,19,2021.297,36,7.8,49,
2021,4,20,2021.3,57,7.2,60,
2021,4,21,2021.303,46,4.6,55,
2021,4,22,2021.305,44,8,58,
2021,4,23,2021.308,37,6,60,
2021,4,24,2021.311,54,11.1,49,
2021,4,25,2021.314,55,11.8,45,
2021,4,26,2021.316,50,7.9,55,
2021,4,27,2021.319,55,7.9,54,
2021,4,28,2021.322,46,8,45,
2021,4,29,2021.325,37,6.7,33,
2021,4,30,2021.327,28,8.3,49,
2021,5,1,2021.33,10,6.2,48,
2021,5,2,2021.333,0,0,44,
2021,5,3,2021.336,0,1.7,45,
2021,5,4,2021.338,0,0,42,
2021,5,5,2021.341,0,0,45,
2021,5,6,2021.344,0,0,42,
2021,5,7,2021.347,10,5.5,45,
2021,5,8,2021.349,17,2.6,44,
2021,5,9,2021.352,20,4.7,50,
2021,5,10,2021.355,34,4.8,55,
2021,5,11,2021.358,32,4,49,
2021,5,12,2021.36,33,4.1,53,
2021,5,13,2021.363,30,4.4,42,
2021,5,14,2021.366,26,3.5,49,
2021,5,15,2021.368,28,6,32,
2021,5,16,2021.371,13,4.8,39,
2021,5,17,2021.374,14,4.1,50,
2021,5,18,2021.377,28,5.9,48,
2021,5,19,2021.379,27,6.4,34,
2021,5,20,2021.382,20,5,42,
2021,5,21,2021.385,14,2.2,40,
2021,5,22,2021.388,19,6.5,37,
2021,5,23,2021.39,27,4.2,41,
2021,5,24,2021.393,31,10.6,45,
2021,5,25,2021.396,41,11.5,43,
2021,5,26,2021.399,41,6.8,55,
2021,5,27,2021.401,41,8.6,42,
2021,5,28,2021.404,31,5.5,48,
2021,5,29,2021.407,15,4.4,54,
2021,5,30,2021.41,26,7,49,
2021,5,31,2021.412,30,6.1,59,
2021,6,1,2021.415,22,6.6,51,
2021,6,2,2021.418,29,4,46,
2021,6,3,2021.421,31,3.5,50,
2021,6,4,2021.423,35,6.3,45,
2021,6,5,2021.426,38,7.7,35,
2021,6,6,2021.429,38,5.3,47,
2021,6,7,2021.432,49,9.2,56,
2021,6,8,2021.434,34,9.2,49,
2021,6,9,2021.437,25,6,55,
2021,6,10,2021.44,27,5.4,55,
2021,6,11,2021.442,19,9.2,39,
2021,6,12,2021.445,8,7.4,52,
2021,6,13,2021.448,15,5.2,44,
2021,6,14,2021.451,12,3.5,57,
2021,6,15,2021.453,11,0.8,60,
2021,6,16,2021.456,11,1.8,51,
2021,6,17,2021.459,12,2.6,54,
2021,6,18,2021.462,21,4.7,46,
2021,6,19,2021.464,15,3.7,41,
2021,6,20,2021.467,14,3.7,45,
2021,6,21,2021.47,13,2.6,44,
2021,6,22,2021.473,16,4,25,
2021,6,23,2021.475,12,2.8,48,
2021,6,24,2021.478,11,0.8,51,
2021,6,25,2021.481,23,3.5,36,
2021,6,26,2021.484,19,5.6,48,
2021,6,27,2021.486,33,6.8,41,
2021,6,28,2021.489,46,7.7,49,
2021,6,29,2021.492,56,8.7,51,
2021,6,30,2021.495,54,8.4,40,
2021,7,1,2021.497,57,9.8,43,
2021,7,2,2021.5,62,12.9,54,
2021,7,3,2021.503,60,11.7,43,
2021,7,4,2021.505,50,8.8,38,
2021,7,5,2021.508,45,8.7,49,
2021,7,6,2021.511,49,9.3,44,
2021,7,7,2021.514,20,11.1,48,
2021,7,8,2021.516,16,11.4,43,
2021,7,9,2021.519,11,8.6,49,
2021,7,10,2021.522,15,9.1,39,
2021,7,11,2021.525,21,3.5,45,
2021,7,12,2021.527,23,4.2,41,
2021,7,13,2021.53,21,6.8,36,
2021,7,14,2021.533,30,5.5,36,
2021,7,15,2021.536,22,5.5,39,
2021,7,16,2021.538,35,7.6,41,
2021,7,17,2021.541,49,9.5,53,
2021,7,18,2021.544,48,7.9,54,
2021,7,19,2021.547,48,11.8,47,
2021,7,20,2021.549,46,7,52,
2021,7,21,2021.552,72,11.8,54,
2021,7,22,2021.555,76,11.4,54,
2021,7,23,2021.558,57,12.9,47,
2021,7,24,2021.56,32,6.8,45,
2021,7,25,2021.563,36,7.1,47,
2021,7,26,2021.566,31,10.5,49,
2021,7,27,2021.568,18,11.5,45,
2021,7,28,2021.571,6,7.8,46,
2021,7,29,2021.574,3,6.2,53,
2021,7,30,2021.577,0,0,50,
2021,7,31,2021.579,3,7.2,40,
2021,8,1,2021.582,8,10.2,33,
2021,8,2,2021.585,13,4.3,53,
2021,8,3,2021.588,17,3.2,57,
2021,8,4,2021.59,17,6.4,53,
2021,8,5,2021.593,22,12.7,44,
2021,8,6,2021.596,8,6.8,47,
2021,8,7,2021.599,0,2.4,47,
2021,8,8,2021.601,0,2.9,39,
2021,8,9,2021.604,7,6.8,53,
2021,8,10,2021.607,0,3.4,51,
2021,8,11,2021.61,18,8,49,
2021,8,12,2021.612,7,5.8,51,
2021,8,13,2021.615,9,11.1,45,
2021,8,14,2021.618,19,13.9,44,
2021,8,15,2021.621,21,8.1,50,
2021,8,16,2021.623,20,6,43,
2021,8,17,2021.626,15,5,35,
2021,8,18,2021.629,13,8,38,
2021,8,19,2021.632,22,9.1,43,
2021,8,20,2021.634,12,5.3,50,
2021,8,21,2021.637,16,7.9,45,
2021,8,22,2021.64,19,5,39,
2021,8,23,2021.642,16,3.6,47,
2021,8,24,2021.645,20,5.5,53,
2021,8,25,2021.648,36,5.4,57,
2021,8,26,2021.651,48,10.7,52,
2021,8,27,2021.653,71,9.3,54,
2021,8,28,2021.656,75,15.4,50,
2021,8,29,2021.659,51,9.9,38,
2021,8,30,2021.662,43,7.3,41,
2021,8,31,2021.664,39,6.6,46,
2021,9,1,2021.667,38,9.8,28,
2021,9,2,2021.67,33,4.7,53,
2021,9,3,2021.673,26,10.8,52,
2021,9,4,2021.675,71,12.7,49,
2021,9,5,2021.678,74,10.1,56,
2021,9,6,2021.681,83,8.2,54,
2021,9,7,2021.684,84,12,55,
2021,9,8,2021.686,97,12.9,55,
2021,9,9,2021.689,101,14.3,46,
2021,9,10,2021.692,96,13.2,41,
2021,9,11,2021.695,72,11.5,43,
2021,9,12,2021.697,49,10.3,37,
2021,9,13,2021.7,33,4.9,50,
2021,9,14,2021.703,23,4.3,43,
2021,9,15,2021.705,10,4.3,31,
2021,9,16,2021.708,0,0,42,
2021,9,17,2021.711,0,0,45,
2021,9,18,2021.714,0,2.6,47,
2021,9,19,2021.716,13,4,48,
2021,9,20,2021.719,43,7.3,41,
2021,9,21,2021.722,65,9.1,51,
2021,9,22,2021.725,81,9.6,41,
2021,9,23,2021.727,70,12.1,49,
2021,9,24,2021.73,60,9.5,49,
2021,9,25,2021.733,45,10.4,53,
2021,9,26,2021.736,50,11.7,41,
2021,9,27,2021.738,50,9.3,33,
2021,9,28,2021.741,57,11.1,43,
2021,9,29,2021.744,70,13.4,45,
2021,9,30,2021.747,45,7,40,
2021,10,1,2021.749,38,10.2,42,
2021,10,2,2021.752,34,9.1,38,
2021,10,3,2021.755,27,7.8,41,
2021,10,4,2021.758,35,7.9,52,
2021,10,5,2021.76,30,7.7,49,
2021,10,6,2021.763,26,4.4,36,
2021,10,7,2021.766,16,4.8,42,
2021,10,8,2021.768,19,5.3,55,
2021,10,9,2021.771,23,6.2,41,
2021,10,10,2021.774,38,7.6,50,
2021,10,11,2021.777,30,6,39,
2021,10,12,2021.779,17,4.1,43,
2021,10,13,2021.782,20,8.4,35,
2021,10,14,2021.785,20,5.7,39,
2021,10,15,2021.788,12,2.2,52,
2021,10,16,2021.79,11,4.8,50,
2021,10,17,2021.793,0,3,38,
2021,10,18,2021.796,17,6.4,34,
2021,10,19,2021.799,13,4.5,36,
2021,10,20,2021.801,12,3,44,
2021,10,21,2021.804,17,6.7,49,
2021,10,22,2021.807,36,9.7,43,
2021,10,23,2021.81,48,10.5,44,
2021,10,24,2021.812,40,7.7,50,
2021,10,25,2021.815,66,13.6,43,
2021,10,26,2021.818,90,12.3,52,
2021,10,27,2021.821,103,14.6,44,
2021,10,28,2021.823,97,11.4,51,
2021,10,29,2021.826,82,15.8,46,
2021,10,30,2021.829,76,14.2,32,
2021,10,31,2021.832,65,10.5,37,
2021,11,1,2021.834,51,10.5,38,
2021,11,2,2021.837,43,8.5,38,
2021,11,3,2021.84,33,7.9,42,
2021,11,4,2021.842,28,3,45,
2021,11,5,2021.845,37,3.8,45,
2021,11,6,2021.848,34,5.5,42,
2021,11,7,2021.851,30,7,43,
2021,11,8,2021.853,40,4.7,46,
2021,11,9,2021.856,44,6.2,45,
2021,11,10,2021.859,41,4.6,40,
2021,11,11,2021.862,43,6.9,37,
2021,11,12,2021.864,36,5.4,43,
2021,11,13,2021.867,27,7.9,31,
2021,11,14,2021.87,20,7.7,31,
2021,11,15,2021.873,24,5.6,26,
2021,11,16,2021.875,32,7.5,30,
2021,11,17,2021.878,29,7.7,34,
2021,11,18,2021.881,23,1.9,43,
2021,11,19,2021.884,22,2,37,
2021,11,20,2021.886,22,1.8,28,
2021,11,21,2021.889,23,2.6,32,
2021,11,22,2021.892,23,3.5,41,
2021,11,23,2021.895,33,8.5,37,
2021,11,24,2021.897,43,11.2,18,
2021,11,25,2021.9,26,7.6,29,
2021,11,26,2021.903,44,16,16,
2021,11,27,2021.905,41,7.7,35,
2021,11,28,2021.908,48,10.7,27,
2021,11,29,2021.911,44,9.9,41,
2021,11,30,2021.914,59,8.3,26,
2021,12,1,2021.916,43,8.3,28,
2021,12,2,2021.919,38,5.8,35,
2021,12,3,2021.922,29,8.4,28,
2021,12,4,2021.925,19,12,18,
2021,12,5,2021.927,24,13.9,22,
2021,12,6,2021.93,13,4.2,25,
2021,12,7,2021.933,12,4.8,28,
2021,12,8,2021.936,6,6.4,25,
2021,12,9,2021.938,0,0,22,
2021,12,10,2021.941,0,0,28,
2021,12,11,2021.944,0,0,30,
2021,12,12,2021.947,13,4,27,
2021,12,13,2021.949,24,10.4,24,
2021,12,14,2021.952,46,13.9,29,
2021,12,15,2021.955,78,11.3,26,
2021,12,16,2021.958,107,15.1,32,
2021,12,17,2021.96,111,23.9,28,
2021,12,18,2021.963,109,28.2,25,
2021,12,19,2021.966,118,26,23,
2021,12,20,2021.968,121,13.2,33,
2021,12,21,2021.971,132,23.2,42,
2021,12,22,2021.974,150,22.2,36,
2021,12,23,2021.977,145,15.6,25,
2021,12,24,2021.979,118,17.7,25,
2021,12,25,2021.982,114,25.6,22,
2021,12,26,2021.985,95,20.1,24,
2021,12,27,2021.988,107,18.4,22,
2021,12,28,2021.99,103,20.8,31,
2021,12,29,2021.993,87,17.8,23,
2021,12,30,2021.996,69,15.3,24,
2021,12,31,2021.999,60,8.1,35,
2022,1,1,2022.001,48,14.6,26,
2022,1,2,2022.004,27,6.9,32,
2022,1,3,2022.007,10,7.1,37,
2022,1,4,2022.01,10,4.6,30,
2022,1,5,2022.012,23,4.5,31,
2022,1,6,2022.015,34,6.7,47,
2022,1,7,2022.018,44,12,32,
2022,1,8,2022.021,44,12.4,25,
2022,1,9,2022.023,54,12.2,37,
2022,1,10,2022.026,54,12.9,29,
2022,1,11,2022.029,51,10.1,39,
2022,1,12,2022.032,76,10.5,40,
2022,1,13,2022.034,85,17.2,44,
2022,1,14,2022.037,98,12.1,57,
2022,1,15,2022.04,95,13.3,41,
2022,1,16,2022.042,102,13.7,41,
2022,1,17,2022.045,80,13.9,43,
2022,1,18,2022.048,66,9.9,44,
2022,1,19,2022.051,58,10.9,37,
2022,1,20,2022.053,57,7.2,45,
2022,1,21,2022.056,23,2.7,48,
2022,1,22,2022.059,24,6.7,34,
2022,1,23,2022.062,20,6.7,24,
2022,1,24,2022.064,33,7,24,
2022,1,25,2022.067,52,9.4,35,
2022,1,26,2022.07,69,7.8,37,
2022,1,27,2022.073,81,13.2,38,
2022,1,28,2022.075,72,11.5,43,
2022,1,29,2022.078,66,13,43,
2022,1,30,2022.081,83,18.2,48,
2022,1,31,2022.084,75,12.2,45,
2022,2,1,2022.086,77,12.7,34,
2022,2,2,2022.089,72,10.6,34,
2022,2,3,2022.092,80,15.6,32,
2022,2,4,2022.095,100,14.2,34,
2022,2,5,2022.097,91,14.2,47,
2022,2,6,2022.1,78,12.9,33,
2022,2,7,2022.103,76,16.3,50,
2022,2,8,2022.105,75,15.2,44,
2022,2,9,2022.108,68,7,54,
2022,2,10,2022.111,72,11.1,39,
2022,2,11,2022.114,75,9.7,54,
2022,2,12,2022.116,54,11.5,43,
2022,2,13,2022.119,46,8.4,32,
2022,2,14,2022.122,63,10.6,48,
2022,2,15,2022.125,81,13.5,44,
2022,2,16,2022.127,87,12.8,33,
2022,2,17,2022.13,80,14.4,44,
2022,2,18,2022.133,49,14.5,33,
2022,2,19,2022.136,42,10.3,38,
2022,2,20,2022.138,48,8.8,28,
2022,2,21,2022.141,48,6.9,38,
2022,2,22,2022.144,38,6.5,41,
2022,2,23,2022.147,36,4.5,50,
2022,2,24,2022.149,32,7.7,43,
2022,2,25,2022.152,23,4.6,48,
2022,2,26,2022.155,25,6,51,
2022,2,27,2022.158,32,6.7,34,
2022,2,28,2022.16,56,11.4,43,
2022,3,1,2022.163,72,11.9,38,
2022,3,2,2022.166,78,10.2,44,
2022,3,3,2022.168,88,11.5,49,
2022,3,4,2022.171,87,10.9,52,
2022,3,5,2022.174,85,15.2,43,
2022,3,6,2022.177,79,11.4,46,
2022,3,7,2022.179,89,13.4,57,
2022,3,8,2022.182,91,18.2,47,
2022,3,9,2022.185,89,14.2,58,
2022,3,10,2022.188,94,16.7,59,
2022,3,11,2022.19,91,19.4,50,
2022,3,12,2022.193,91,14,46,
2022,3,13,2022.196,85,11.4,51,
2022,3,14,2022.199,84,15,50,
2022,3,15,2022.201,75,11.2,31,
2022,3,16,2022.204,62,13.7,27,
2022,3,17,2022.207,50,13.7,40,
2022,3,18,2022.21,35,6.7,44,
2022,3,19,2022.212,36,11.9,42,
2022,3,20,2022.215,52,16.4,38,
2022,3,21,2022.218,51,9.2,39,
2022,3,22,2022.221,47,8.6,53,
2022,3,23,2022.223,49,8.2,54,
2022,3,24,2022.226,51,8,62,
2022,3,25,2022.229,51,7.7,61,
2022,3,26,2022.232,61,9.1,55,
2022,3,27,2022.234,96,14.9,36,
2022,3,28,2022.237,137,19.9,55,
2022,3,29,2022.24,142,33,26,
2022,3,30,2022.242,115,23.5,28,
2022,3,31,2022.245,124,15,32,
2022,4,1,2022.248,130,21.2,31,
2022,4,2,2022.251,121,19.1,44,
2022,4,3,2022.253,118,17,42,
2022,4,4,2022.256,82,16.4,31,
2022,4,5,2022.259,86,14.5,29,
2022,4,6,2022.262,74,17.3,38,
2022,4,7,2022.264,57,11.7,46,
2022,4,8,2022.267,53,9.9,45,
2022,4,9,2022.27,38,12.3,57,
2022,4,10,2022.273,21,8.9,37,
2022,4,11,2022.275,11,7.7,51,
2022,4,12,2022.278,14,7.4,51,
2022,4,13,2022.281,33,10.9,48,
2022,4,14,2022.284,41,7.4,60,
2022,4,15,2022.286,46,9.6,51,
2022,4,16,2022.289,64,15.9,48,
2022,4,17,2022.292,86,13,48,
2022,4,18,2022.295,100,16.6,45,
2022,4,19,2022.297,95,11.9,54,
2022,4,20,2022.3,99,15.4,54,
2022,4,21,2022.303,113,18.5,49,
2022,4,22,2022.305,111,16.7,46,
2022,4,23,2022.308,126,24,45,
2022,4,24,2022.311,129,21.8,47,
2022,4,25,2022.314,119,16,43,
2022,4,26,2022.316,132,22.6,46,
2022,4,27,2022.319,133,14.3,50,
2022,4,28,2022.322,134,15.6,49,
2022,4,29,2022.325,105,22.7,45,
2022,4,30,2022.327,50,8.8,46,
2022,5,1,2022.33,36,7.5,37,
2022,5,2,2022.333,32,12.3,36,
2022,5,3,2022.336,76,16.8,49,
2022,5,4,2022.338,77,14.5,44,
2022,5,5,2022.341,78,14.7,51,
2022,5,6,2022.344,76,15,42,
2022,5,7,2022.347,64,10.3,45,
2022,5,8,2022.349,80,11,46,
2022,5,9,2022.352,71,10.9,48,
2022,5,10,2022.355,57,9.4,49,
2022,5,11,2022.358,80,15.4,48,
2022,5,12,2022.36,112,16.8,46,
2022,5,13,2022.363,125,22.6,45,
2022,5,14,2022.366,131,20.2,54,
2022,5,15,2022.368,145,20.3,44,
2022,5,16,2022.371,149,21.3,44,
2022,5,17,2022.374,146,16.1,45,
2022,5,18,2022.377,131,16.6,56,
2022,5,19,2022.379,144,20.6,48,
2022,5,20,2022.382,132,24.1,40,
2022,5,21,2022.385,154,22.2,44,
2022,5,22,2022.388,162,18.6,46,
2022,5,23,2022.39,144,19.4,45,
2022,5,24,2022.393,132,26.3,40,
2022,5,25,2022.396,106,15.4,42,
2022,5,26,2022.399,81,12.3,48,
2022,5,27,2022.401,59,10.8,50,
2022,5,28,2022.404,42,7.5,38,
2022,5,29,2022.407,43,6.5,38,
2022,5,30,2022.41,58,10.3,50,
2022,5,31,2022.412,69,12.2,43,
2022,6,1,2022.415,62,12.1,40,
2022,6,2,2022.418,59,10.7,50,
2022,6,3,2022.421,56,10.9,53,
2022,6,4,2022.423,66,9.5,45,
2022,6,5,2022.426,49,9.9,35,
2022,6,6,2022.429,32,9.8,43,
2022,6,7,2022.432,7,11,31,
2022,6,8,2022.434,3,8.1,39,
2022,6,9,2022.437,21,5.6,48,
2022,6,10,2022.44,46,7.9,45,
2022,6,11,2022.442,39,7.8,46,
2022,6,12,2022.445,53,10.4,53,
2022,6,13,2022.448,94,19.9,57,
2022,6,14,2022.451,123,15.2,51,
2022,6,15,2022.453,148,14.6,53,
2022,6,16,2022.456,150,16.5,49,
2022,6,17,2022.459,152,21.8,56,
2022,6,18,2022.462,147,21.6,48,
2022,6,19,2022.464,118,20.1,40,
2022,6,20,2022.467,96,18.7,50,
2022,6,21,2022.47,96,12.3,46,
2022,6,22,2022.473,89,11,48,
2022,6,23,2022.475,70,11.4,54,
2022,6,24,2022.478,61,12.9,43,
2022,6,25,2022.481,47,11.2,43,
2022,6,26,2022.484,33,6.9,42,
2022,6,27,2022.486,52,10.8,43,
2022,6,28,2022.489,62,12.8,51,
2022,6,29,2022.492,37,8.7,48,
2022,6,30,2022.495,42,7.7,53,
2022,7,1,2022.497,58,9.1,45,
2022,7,2,2022.5,64,6.2,46,
2022,7,3,2022.503,56,9.3,36,
2022,7,4,2022.505,59,14,46,
2022,7,5,2022.508,78,9.1,47,
2022,7,6,2022.511,82,11.1,50,
2022,7,7,2022.514,97,11,48,
2022,7,8,2022.516,87,10.8,55,
2022,7,9,2022.519,93,9.2,51,
2022,7,10,2022.522,107,11.6,48,
2022,7,11,2022.525,125,12.2,56,
2022,7,12,2022.527,114,15.2,51,
2022,7,13,2022.53,116,16.4,51,
2022,7,14,2022.533,123,14.4,51,
2022,7,15,2022.536,135,12.9,55,
2022,7,16,2022.538,151,17.9,56,
2022,7,17,2022.541,138,17.2,50,
2022,7,18,2022.544,124,14.9,53,
2022,7,19,2022.547,111,15.2,55,
2022,7,20,2022.549,133,14,51,
2022,7,21,2022.552,110,12.8,41,
2022,7,22,2022.555,98,15.3,41,
2022,7,23,2022.558,97,10.5,43,
2022,7,24,2022.56,80,9.7,53,
2022,7,25,2022.563,86,10.4,42,
2022,7,26,2022.566,91,14.7,27,
2022,7,27,2022.568,60,9,51,
2022,7,28,2022.571,42,7.9,55,
2022,7,29,2022.574,43,8.3,45,
2022,7,30,2022.577,42,5.8,46,
2022,7,31,2022.579,34,6.7,42,
2022,8,1,2022.582,27,7.2,50,
2022,8,2,2022.585,33,5.1,54,
2022,8,3,2022.588,36,5.2,54,
2022,8,4,2022.59,42,7.7,54,
2022,8,5,2022.593,71,7.5,53,
2022,8,6,2022.596,72,9.7,51,
2022,8,7,2022.599,85,9.4,48,
2022,8,8,2022.601,80,12.3,54,
2022,8,9,2022.604,61,6.5,56,
2022,8,10,2022.607,63,13.4,50,
2022,8,11,2022.61,71,8.7,52,
2022,8,12,2022.612,102,9.9,51,
2022,8,13,2022.615,109,11.5,49,
2022,8,14,2022.618,110,11.3,41,
2022,8,15,2022.621,110,9.7,48,
2022,8,16,2022.623,123,17.4,49,
2022,8,17,2022.626,111,24.6,31,
2022,8,18,2022.629,87,14.8,41,
2022,8,19,2022.632,83,19.1,40,
2022,8,20,2022.634,74,13,41,
2022,8,21,2022.637,58,8.9,44,
2022,8,22,2022.64,71,15.6,30,
2022,8,23,2022.642,50,9.8,50,
2022,8,24,2022.645,60,11.7,51,
2022,8,25,2022.648,93,12.1,47,
2022,8,26,2022.651,94,12.9,46,
2022,8,27,2022.653,94,11.4,51,
2022,8,28,2022.656,83,9.2,46,
2022,8,29,2022.659,70,9.4,50,
2022,8,30,2022.662,48,6.3,44,
2022,8,31,2022.664,43,8.5,44,
2022,9,1,2022.667,62,11.7,38,
2022,9,2,2022.67,63,13.6,48,
2022,9,3,2022.673,68,14.1,44,
2022,9,4,2022.675,72,12.2,48,
2022,9,5,2022.678,83,14.9,45,
2022,9,6,2022.681,75,23.8,42,
2022,9,7,2022.684,96,16.6,44,
2022,9,8,2022.686,97,15.7,39,
2022,9,9,2022.689,103,17.4,41,
2022,9,10,2022.692,117,17.9,44,
2022,9,11,2022.695,128,13.3,47,
2022,9,12,2022.697,141,19.5,51,
2022,9,13,2022.7,118,19.2,32,
2022,9,14,2022.703,91,17.9,30,
2022,9,15,2022.705,101,14.9,38,
2022,9,16,2022.708,92,14.2,42,
2022,9,17,2022.711,86,13.6,45,
2022,9,18,2022.714,73,9.8,41,
2022,9,19,2022.716,70,9.8,49,
2022,9,20,2022.719,68,11.1,48,
2022,9,21,2022.722,84,12.8,53,
2022,9,22,2022.725,105,13.1,49,
2022,9,23,2022.727,131,25.4,38,
2022,9,24,2022.73,147,28.1,32,
2022,9,25,2022.733,135,20.3,41,
2022,9,26,2022.736,132,16.8,35,
2022,9,27,2022.738,108,21.9,37,
2022,9,28,2022.741,85,15.3,39,
2022,9,29,2022.744,72,12,44,
2022,9,30,2022.747,76,13.4,40,
2022,10,1,2022.749,110,20.4,36,
2022,10,2,2022.752,128,20.9,39,
2022,10,3,2022.755,165,24.9,47,
2022,10,4,2022.758,167,19.1,44,
2022,10,5,2022.76,164,29.6,38,
2022,10,6,2022.763,162,19.4,44,
2022,10,7,2022.766,163,17.2,45,
2022,10,8,2022.768,154,16.9,42,
2022,10,9,2022.771,129,21,44,
2022,10,10,2022.774,120,19.5,48,
2022,10,11,2022.777,106,11.2,45,
2022,10,12,2022.779,103,13.7,40,
2022,10,13,2022.782,83,18,28,
2022,10,14,2022.785,82,11.4,26,
2022,10,15,2022.788,46,9.9,36,
2022,10,16,2022.79,75,13.2,35,
2022,10,17,2022.793,73,12.4,37,
2022,10,18,2022.796,50,11.8,48,
2022,10,19,2022.799,49,9.3,35,
2022,10,20,2022.801,36,7.8,42,
2022,10,21,2022.804,57,18.4,34,
2022,10,22,2022.807,70,12.1,39,
2022,10,23,2022.81,52,9.8,34,
2022,10,24,2022.812,54,11.7,37,
2022,10,25,2022.815,78,14.1,44,
2022,10,26,2022.818,83,11.4,45,
2022,10,27,2022.821,86,10.4,42,
2022,10,28,2022.823,89,16.5,36,
2022,10,29,2022.826,87,10.2,39,
2022,10,30,2022.829,75,13.5,35,
2022,10,31,2022.832,63,12.5,31,
2022,11,1,2022.834,85,13.4,38,
2022,11,2,2022.837,98,18.5,44,
2022,11,3,2022.84,78,10.8,40,
2022,11,4,2022.842,103,20,40,
2022,11,5,2022.845,115,14.2,34,
2022,11,6,2022.848,96,23.8,36,
2022,11,7,2022.851,100,23.8,31,
2022,11,8,2022.853,103,20.6,42,
2022,11,9,2022.856,98,26.9,52,
2022,11,10,2022.859,85,13.8,42,
2022,11,11,2022.862,74,9.3,39,
2022,11,12,2022.864,88,12.5,42,
2022,11,13,2022.867,111,15.2,37,
2022,11,14,2022.87,96,18.3,34,
2022,11,15,2022.873,86,16.7,28,
2022,11,16,2022.875,90,17,33,
2022,11,17,2022.878,59,15,29,
2022,11,18,2022.881,57,15.1,31,
2022,11,19,2022.884,75,9,30,
2022,11,20,2022.886,87,12.4,28,
2022,11,21,2022.889,77,12.8,28,
2022,11,22,2022.892,73,13.2,26,
2022,11,23,2022.895,71,16,33,
2022,11,24,2022.897,76,17,37,
2022,11,25,2022.9,72,14.8,49,
2022,11,26,2022.903,78,13.4,36,
2022,11,27,2022.905,72,9.8,36,
2022,11,28,2022.908,56,12.4,32,
2022,11,29,2022.911,28,6.2,19,
2022,11,30,2022.914,28,10.7,21,
2022,12,1,2022.916,51,12.5,38,
2022,12,2,2022.919,71,8.8,25,
2022,12,3,2022.922,75,14.6,16,
2022,12,4,2022.925,93,13.9,18,
2022,12,5,2022.927,103,11.1,16,
2022,12,6,2022.93,119,13.3,35,
2022,12,7,2022.933,127,17.4,29,
2022,12,8,2022.936,128,18,34,
2022,12,9,2022.938,111,17.1,23,
2022,12,10,2022.941,122,13.5,26,
2022,12,11,2022.944,140,20.5,27,
2022,12,12,2022.947,157,21.2,31,
2022,12,13,2022.949,159,23.3,31,
2022,12,14,2022.952,148,20.5,31,
2022,12,15,2022.955,141,17.5,42,
2022,12,16,2022.958,131,16.3,39,
2022,12,17,2022.96,131,12.6,32,
2022,12,18,2022.963,127,13.9,27,
2022,12,19,2022.966,113,22.6,19,
2022,12,20,2022.968,112,20.6,28,
2022,12,21,2022.971,100,14,25,
2022,12,22,2022.974,98,15.6,30,
2022,12,23,2022.977,85,18.7,27,
2022,12,24,2022.979,93,8.8,29,
2022,12,25,2022.982,105,15.1,28,
2022,12,26,2022.985,115,17.4,33,
2022,12,27,2022.988,94,15.9,37,
2022,12,28,2022.99,103,14.9,22,
2022,12,29,2022.993,123,15.8,22,
2022,12,30,2022.996,124,18.4,16,
2022,12,31,2022.999,98,17.2,24,
2023,1,1,2023.001,108,32.2,35,
2023,1,2,2023.004,109,23.9,33,
2023,1,3,2023.007,108,15.6,32,
2023,1,4,2023.01,96,23.8,27,
2023,1,5,2023.012,112,29.2,35,
2023,1,6,2023.015,131,18,35,
2023,1,7,2023.018,133,20.5,42,
2023,1,8,2023.021,135,26.1,34,
2023,1,9,2023.023,148,17.5,28,
2023,1,10,2023.026,179,46.4,21,
2023,1,11,2023.029,168,41.1,37,
2023,1,12,2023.032,171,36,32,
2023,1,13,2023.034,178,19,33,
2023,1,14,2023.037,189,45.1,25,
2023,1,15,2023.04,199,28.8,33,
2023,1,16,2023.042,190,45.5,28,
2023,1,17,2023.045,188,33.9,39,
2023,1,18,2023.048,195,28.3,45,
2023,1,19,2023.051,205,30.4,38,
2023,1,20,2023.053,206,45.4,33,
2023,1,21,2023.056,195,25.8,42,
2023,1,22,2023.059,166,20.3,22,
2023,1,23,2023.062,162,47.7,19,
2023,1,24,2023.064,151,35.6,24,
2023,1,25,2023.067,137,37.6,20,
2023,1,26,2023.07,110,22.8,30,
2023,1,27,2023.073,86,12.3,24,
2023,1,28,2023.075,85,11,27,
2023,1,29,2023.078,79,24,18,
2023,1,30,2023.081,76,12.7,43,
2023,1,31,2023.084,80,15.3,34,
2023,2,1,2023.086,72,14.1,31,
2023,2,2,2023.089,58,9.6,32,
2023,2,3,2023.092,64,8.3,30,
2023,2,4,2023.095,71,16.8,30,
2023,2,5,2023.097,74,13.1,39,
2023,2,6,2023.1,111,16.6,38,
2023,2,7,2023.103,107,13.1,41,
2023,2,8,2023.105,125,23.5,45,
2023,2,9,2023.108,129,30.7,42,
2023,2,10,2023.111,163,18.7,42,
2023,2,11,2023.114,166,35.1,34,
2023,2,12,2023.116,159,36.2,27,
2023,2,13,2023.119,177,16.8,48,
2023,2,14,2023.122,159,19.9,50,
2023,2,15,2023.125,121,20.9,41,
2023,2,16,2023.127,91,20.9,39,
2023,2,17,2023.13,86,19.3,36,
2023,2,18,2023.133,104,24.9,28,
2023,2,19,2023.136,107,24.6,33,
2023,2,20,2023.138,112,24.1,35,
2023,2,21,2023.141,104,23.5,28,
2023,2,22,2023.144,86,24,29,
2023,2,23,2023.147,90,22.5,28,
2023,2,24,2023.149,117,17.2,28,
2023,2,25,2023.152,127,12.4,35,
2023,2,26,2023.155,119,16.9,43,
2023,2,27,2023.158,126,18.4,36,
2023,2,28,2023.16,91,15.3,46,
2023,3,1,2023.163,93,10.2,48,
2023,3,2,2023.166,100,14.2,44,
2023,3,3,2023.168,119,14.9,38,
2023,3,4,2023.171,127,15.3,32,
2023,3,5,2023.174,151,17.6,27,
2023,3,6,2023.177,185,27,37,
2023,3,7,2023.179,186,23.9,25,
2023,3,8,2023.182,166,26.2,27,
2023,3,9,2023.185,156,20.2,29,
2023,3,10,2023.188,148,18.8,30,
2023,3,11,2023.19,149,19.6,34,
2023,3,12,2023.193,136,15.9,34,
2023,3,13,2023.196,104,15.7,36,
2023,3,14,2023.199,115,13.9,46,
2023,3,15,2023.201,107,14.9,45,
2023,3,16,2023.204,94,18.6,42,
2023,3,17,2023.207,72,14.3,32,
2023,3,18,2023.21,44,7.1,18,
2023,3,19,2023.212,73,11.7,34,
2023,3,20,2023.215,83,12.5,33,
2023,3,21,2023.218,96,9.8,35,
2023,3,22,2023.221,104,17.6,39,
2023,3,23,2023.223,112,16.4,37,
2023,3,24,2023.226,149,20,39,
2023,3,25,2023.229,153,20,36,
2023,3,26,2023.232,154,18.2,21,
2023,3,27,2023.234,158,17.2,49,
2023,3,28,2023.237,148,22.1,37,
2023,3,29,2023.24,158,23.8,34,
2023,3,30,2023.242,108,26.4,40,
2023,3,31,2023.245,75,13.6,23,
2023,4,1,2023.248,47,11.4,14,
2023,4,2,2023.251,44,9,24,
2023,4,3,2023.253,61,10.1,51,
2023,4,4,2023.256,65,10.2,47,
2023,4,5,2023.259,53,11,44,
2023,4,6,2023.262,49,6.9,41,
2023,4,7,2023.264,48,12.1,31,
2023,4,8,2023.267,48,13.2,38,
2023,4,9,2023.27,60,11.6,43,
2023,4,10,2023.273,90,14.8,37,
2023,4,11,2023.275,109,16,46,
2023,4,12,2023.278,130,26,32,
2023,4,13,2023.281,150,25.3,39,
2023,4,14,2023.284,163,22.9,34,
2023,4,15,2023.286,177,36.8,40,
2023,4,16,2023.289,183,23.1,30,
2023,4,17,2023.292,149,20.2,45,
2023,4,18,2023.295,135,18.1,46,
2023,4,19,2023.297,103,15.3,43,
2023,4,20,2023.3,103,19.6,42,
2023,4,21,2023.303,104,21.7,41,
2023,4,22,2023.305,97,17.4,39,
2023,4,23,2023.308,83,20.8,35,
2023,4,24,2023.311,73,12.8,33,
2023,4,25,2023.314,73,17.3,43,
2023,4,26,2023.316,97,14,37,
2023,4,27,2023.319,109,13.1,38,
2023,4,28,2023.322,111,15.6,32,
2023,4,29,2023.325,111,21.3,29,
2023,4,30,2023.327,102,20.6,38,
2023,5,1,2023.33,104,13.1,42,
2023,5,2,2023.333,123,19.6,44,
2023,5,3,2023.336,124,14.7,45,
2023,5,4,2023.338,138,14.2,46,
2023,5,5,2023.341,115,14.9,43,
2023,5,6,2023.344,116,15,34,
2023,5,7,2023.347,133,15.2,29,
2023,5,8,2023.349,128,21.1,28,
2023,5,9,2023.352,176,35,26,
2023,5,10,2023.355,165,27.1,36,
2023,5,11,2023.358,157,25.8,38,
2023,5,12,2023.36,145,26.4,33,
2023,5,13,2023.363,133,17.6,36,
2023,5,14,2023.366,131,19.5,33,
2023,5,15,2023.368,113,15.7,37,
2023,5,16,2023.371,106,15.3,42,
2023,5,17,2023.374,110,14.7,38,
2023,5,18,2023.377,120,22.1,26,
2023,5,19,2023.379,142,22.1,42,
2023,5,20,2023.382,144,27.9,39,
2023,5,21,2023.385,146,22.1,47,
2023,5,22,2023.388,136,18.8,34,
2023,5,23,2023.39,127,16.3,42,
2023,5,24,2023.393,151,25.6,42,
2023,5,25,2023.396,150,23.5,45,
2023,5,26,2023.399,145,13.7,55,
2023,5,27,2023.401,137,12.9,53,
2023,5,28,2023.404,144,15.2,46,
2023,5,29,2023.407,158,17.5,47,
2023,5,30,2023.41,166,13.5,46,
2023,5,31,2023.412,177,23.8,46,
2023,6,1,2023.415,153,22.2,54,
2023,6,2,2023.418,145,16.6,48,
2023,6,3,2023.421,143,15.7,50,
2023,6,4,2023.423,144,20.2,47,
2023,6,5,2023.426,158,21.4,47,
2023,6,6,2023.429,185,25.2,38,
2023,6,7,2023.432,198,18.3,40,
2023,6,8,2023.434,181,18.8,47,
2023,6,9,2023.437,167,17.6,44,
2023,6,10,2023.44,148,19.1,18,
2023,6,11,2023.442,146,17.6,40,
2023,6,12,2023.445,114,14.7,33,
2023,6,13,2023.448,93,17.9,47,
2023,6,14,2023.451,117,16.4,46,
2023,6,15,2023.453,122,18.7,45,
2023,6,16,2023.456,131,14.8,47,
2023,6,17,2023.459,130,14.2,42,
2023,6,18,2023.462,160,19.4,37,
2023,6,19,2023.464,182,18.9,41,
2023,6,20,2023.467,206,25.1,45,
2023,6,21,2023.47,217,32.3,35,
2023,6,22,2023.473,240,23.8,41,
2023,6,23,2023.475,228,20.3,39,
2023,6,24,2023.478,223,25.4,41,
2023,6,25,2023.481,204,25.1,48,
2023,6,26,2023.484,171,22.2,43,
2023,6,27,2023.486,156,17.7,37,
2023,6,28,2023.489,136,18.3,35,
2023,6,29,2023.492,111,14.3,35,
2023,6,30,2023.495,106,15.4,38,
2023,7,1,2023.497,136,13,29,*
2023,7,2,2023.5,149,15.5,35,*
2023,7,3,2023.503,155,22,36,*
2023,7,4,2023.505,141,18.6,31,*
2023,7,5,2023.508,136,12.8,35,*
2023,7,6,2023.511,146,16.6,36,*
2023,7,7,2023.514,156,15.7,44,*
2023,7,8,2023.516,178,14.7,23,*
2023,7,9,2023.519,178,15.7,38,*
2023,7,10,2023.522,191,17.2,43,*
2023,7,11,2023.525,210,14.8,37,*
2023,7,12,2023.527,197,20.9,35,*
2023,7,13,2023.53,151,16.6,38,*
2023,7,14,2023.533,152,18.7,36,*
2023,7,15,2023.536,129,17.1,33,*
2023,7,16,2023.538,165,20.8,36,*
2023,7,17,2023.541,159,17,40,*
2023,7,18,2023.544,165,17.6,34,*
2023,7,19,2023.547,162,22.1,27,*
2023,7,20,2023.549,173,20.1,39,*
2023,7,21,2023.552,146,17.4,37,*
2023,7,22,2023.555,139,16.1,36,*
2023,7,23,2023.558,141,17.6,29,*
2023,7,24,2023.56,137,14.9,31,*
2023,7,25,2023.563,136,12.9,35,*
2023,7,26,2023.566,153,15.2,33,*
2023,7,27,2023.568,145,15.1,18,*
2023,7,28,2023.571,164,18.6,27,*
2023,7,29,2023.574,179,17.9,33,*
2023,7,30,2023.577,180,16.4,36,*
2023,7,31,2023.579,183,21.3,19,*
2023,8,1,2023.582,180,21,28,*
2023,8,2,2023.585,163,20.9,34,*
2023,8,3,2023.588,147,26.8,30,*
2023,8,4,2023.59,123,18.4,17,*
2023,8,5,2023.593,135,26.9,24,*
2023,8,6,2023.596,125,25,28,*
2023,8,7,2023.599,124,15.9,39,*
2023,8,8,2023.601,123,14.5,39,*
2023,8,9,2023.604,103,13.1,36,*
2023,8,10,2023.607,108,15.3,43,*
2023,8,11,2023.61,106,14.7,45,*
2023,8,12,2023.612,80,13.9,31,*
2023,8,13,2023.615,101,13.7,33,*
2023,8,14,2023.618,117,12,38,*
2023,8,15,2023.621,122,16.5,39,*
2023,8,16,2023.623,149,18.3,36,*
2023,8,17,2023.626,146,17.3,35,*
2023,8,18,2023.629,124,12.1,39,*
2023,8,19,2023.632,131,9.8,41,*
2023,8,20,2023.634,102,11.7,45,*
2023,8,21,2023.637,110,11.4,35,*
2023,8,22,2023.64,115,13.3,45,*
2023,8,23,2023.642,105,13.2,39,*
2023,8,24,2023.645,91,11.6,39,*
2023,8,25,2023.648,89,10.3,34,*
2023,8,26,2023.651,91,13.1,39,*
2023,8,27,2023.653,84,10.5,31,*
2023,8,28,2023.656,84,12.3,36,*
2023,8,29,2023.659,88,11.8,28,*
2023,8,30,2023.662,104,14.8,32,*
2023,8,31,2023.664,90,11.5,37,*
2023,9,1,2023.667,86,13.9,38,*
2023,9,2,2023.67,83,10.7,41,*
2023,9,3,2023.673,92,13,32,*
2023,9,4,2023.675,103,13.1,51,*
2023,9,5,2023.678,115,14.5,49,*
2023,9,6,2023.681,120,20.1,43,*
2023,9,7,2023.684,131,11.2,47,*
2023,9,8,2023.686,117,9,46,*
2023,9,9,2023.689,136,16.7,42,*
2023,9,10,2023.692,174,21.2,41,*
2023,9,11,2023.695,189,21.9,45,*
2023,9,12,2023.697,145,12.6,36,*
2023,9,13,2023.7,129,20.1,38,*
2023,9,14,2023.703,132,14.7,38,*
2023,9,15,2023.705,109,17.7,41,*
2023,9,16,2023.708,88,12.6,39,*
2023,9,17,2023.711,90,11.5,30,*
2023,9,18,2023.714,126,25.4,36,*
2023,9,19,2023.716,149,24.1,32,*
2023,9,20,2023.719,168,26.6,28,*
2023,9,21,2023.722,189,38.1,23,*
2023,9,22,2023.725,198,25.9,35,*
2023,9,23,2023.727,195,19.4,34,*
2023,9,24,2023.73,175,15.7,40,*
2023,9,25,2023.733,168,14.9,41,*
2023,9,26,2023.736,140,17.2,42,*
2023,9,27,2023.738,131,18.3,36,*
2023,9,28,2023.741,113,9.4,36,*
2023,9,29,2023.744,102,9,31,*
2023,9,30,2023.747,116,10.8,29,*
2023,10,1,2023.749,151,18.7,37,*
2023,10,2,2023.752,167,14.3,43,*
2023,10,3,2023.755,143,16.6,40,*
2023,10,4,2023.758,155,14.5,36,*
2023,10,5,2023.76,161,18.8,35,*
2023,10,6,2023.763,157,23.1,36,*
2023,10,7,2023.766,133,19,38,*
2023,10,8,2023.768,144,20.7,31,*
2023,10,9,2023.771,155,14.5,29,*
2023,10,10,2023.774,133,13.1,39,*
2023,10,11,2023.777,142,13.6,33,*
2023,10,12,2023.779,135,16.4,27,*
2023,10,13,2023.782,111,17,27,*
2023,10,14,2023.785,111,11.2,36,*
2023,10,15,2023.788,103,15.4,31,*
2023,10,16,2023.79,96,23.1,40,*
2023,10,17,2023.793,75,16.1,33,*
2023,10,18,2023.796,67,19,27,*
2023,10,19,2023.799,56,11.9,28,*
2023,10,20,2023.801,67,17.4,17,*
2023,10,21,2023.804,67,14.9,23,*
2023,10,22,2023.807,53,10.1,37,*
2023,10,23,2023.81,34,11.6,27,*
2023,10,24,2023.812,39,8.1,36,*
2023,10,25,2023.815,33,7,27,*
2023,10,26,2023.818,54,8.4,31,*
2023,10,27,2023.821,55,21.9,28,*
2023,10,28,2023.823,47,17.6,20,*
2023,10,29,2023.826,58,11.8,27,*
2023,10,30,2023.829,72,13,24,*
2023,10,31,2023.832,107,19.5,15,*
2023,11,1,2023.834,115,13.4,23,*
2023,11,2,2023.837,120,19.4,20,*
2023,11,3,2023.84,122,20.9,29,*
2023,11,4,2023.842,91,17.9,24,*
2023,11,5,2023.845,91,16.5,38,*
2023,11,6,2023.848,77,14.8,28,*
2023,11,7,2023.851,77,12.3,40,*
2023,11,8,2023.853,112,20.6,25,*
2023,11,9,2023.856,98,18,30,*
2023,11,10,2023.859,91,9.8,22,*
2023,11,11,2023.862,79,12.4,33,*
2023,11,12,2023.864,81,12.6,27,*
2023,11,13,2023.867,72,13.9,24,*
2023,11,14,2023.87,57,14.9,25,*
2023,11,15,2023.873,34,11.7,30,*
2023,11,16,2023.875,30,9.5,23,*
2023,11,17,2023.878,25,4.6,36,*
2023,11,18,2023.881,31,6.8,19,*
2023,11,19,2023.884,67,10.2,27,*
2023,11,20,2023.886,95,20.6,26,*
2023,11,21,2023.889,152,16.7,30,*
2023,11,22,2023.892,155,23,28,*
2023,11,23,2023.895,181,21,30,*
2023,11,24,2023.897,162,22.9,33,*
2023,11,25,2023.9,174,24.5,27,*
2023,11,26,2023.903,165,17.8,14,*
2023,11,27,2023.905,154,19.2,19,*
2023,11,28,2023.908,148,20.5,34,*
2023,11,29,2023.911,158,16.4,32,*
2023,11,30,2023.914,148,18.2,13,*
